순번	용도	내용	거래처	거래일자	공급가액	부가세	합계	사용부서	사원
1	복리후생비	야근식대 안은율 외 1명 (장은빈)	홍콩반점 역삼점	2026.08.28	24,545	2,455	27,000	디자인팀	
2	복리후생비	야근식대 장서린	서브웨이 선릉점	2026.08.24	10,909	1,091	12,000	마케팅팀	장서린
3	복리후생비	야근식대 신예연	쿠팡이츠	2026.08.19	11,364	1,136	12,500	A사업본부 MD팀	신예연
4	복리후생비	야근식대 정지린 외 1명 (강예호)	맘스터치 역삼점	2026.08.18	24,545	2,455	27,000	A사업본부 MD팀	
5	복리후생비	야근식대 임은린	홍콩반점 역삼점	2026.08.12	8,636	864	9,500	물류팀	임은린
6	소모품비	사무용품 구매	오피스디포	2026.08.07	38,182	3,818	42,000	재무회계팀	
7	복리후생비	야근식대 강은호	쿠팡이츠	2026.08.19	10,909	1,091	12,000	물류팀	
8	복리후생비	야근식대 윤은아	서브웨이 선릉점	2026.08.21	10,000	1,000	11,000	B사업본부 MD팀	윤은아
9	복리후생비	야근식대 정지율	쿠팡이츠	2026.08.27	8,182	818	9,000	재무회계팀	정지율
10	복리후생비	야근식대 조태진	한솥도시락 역삼점	2026.08.12	8,182	818	9,000	B사업본부 MD팀	조태진
11	복리후생비	야근식대 안도호 외 1명 (이도빈)	버거킹 삼성점	2026.08.28	24,545	2,455	27,000	B사업본부 MD팀	
12	복리후생비	야근식대 황도원	쿠팡이츠	2026.08.18	11,364	1,136	12,500	마케팅팀	황도원
13	복리후생비	야근식대 한민율 외 1명 (장수린)	쿠팡이츠	2026.08.03	24,545	2,455	27,000	물류팀	
14	복리후생비	야근 석식 정지율	배달의민족	2026.08.27	7,727	773	8,500	재무회계팀	정지율
15	복리후생비	야근 식대 송태빈 외 2명	버거킹 삼성점	2026.08.05	32,727	3,273	36,000	B사업본부 MD팀	
16	복리후생비	야근식대 박유연	한솥도시락 역삼점	2026.08.07	11,364	1,136	12,500	개발팀	박유연
17	복리후생비	야근식대 (MD팀 전체)	홍콩반점 역삼점	2026.08.05	76,364	7,636	84,000	A사업본부 MD팀	
18	복리후생비	팀 티타임 커피	스타벅스 역삼점	2026.08.13	21,364	2,136	23,500	마케팅팀	
19	복리후생비	야근식대 임지원	서브웨이 선릉점	2026.08.11	8,636	864	9,500	개발팀	임지원
20	복리후생비	야근식대 송도연	김밥천국 선릉점	2026.07.29	10,909	1,091	12,000	A사업본부 MD팀	송도연
21	복리후생비	야근식대 강지호	본죽 강남점	2026.08.20	11,818	1,182	13,000	B사업본부 MD팀	강지호
22	복리후생비	야근식대 김유희	버거킹 삼성점	2026.08.06	10,000	1,000	11,000	A사업본부 MD팀	
23	복리후생비	야근식대 정지율	본죽 강남점	2026.08.13	8,182	818	9,000	재무회계팀	정지율
24	복리후생비	야근식대 전하연	홍콩반점 역삼점	2026.08.18	12,727	1,273	14,000	재무회계팀	전하연
25	복리후생비	야근식대	배달의민족	2026.08.14	9,091	909	10,000	마케팅팀	황도원
26	복리후생비	주차비 야근 강유준	역삼주차장	2026.08.05	5,455	545	6,000	개발팀	
27	복리후생비	야근식대 송도연	쿠팡이츠	2026.08.26	10,000	1,000	11,000	A사업본부 MD팀	송도연
28	복리후생비	야근식대 송태빈	맘스터치 역삼점	2026.08.05	11,818	1,182	13,000	B사업본부 MD팀	송태빈
29	복리후생비	야근식대 김유우	쿠팡이츠	2026.08.28	12,727	1,273	14,000	A사업본부 MD팀	김유우
30	복리후생비	야근식대 정지아	맘스터치 역삼점	2026.08.25	11,364	1,136	12,500	물류팀	정지아
31	복리후생비	야근식대 강유준	김밥천국 선릉점	2026.08.28	12,727	1,273	14,000	개발팀	강유준
32	여비교통비	야근택시 박유연	카카오택시	2026.08.05	16,727	1,673	18,400	개발팀	
33	복리후생비	야근식대 윤은영	서브웨이 선릉점	2026.08.18	8,636	864	9,500	개발팀	윤은영
34	복리후생비	야근식대 윤태아	한솥도시락 역삼점	2026.08.25	10,909	1,091	12,000	A사업본부 MD팀	윤태아